Name,Rarity,Element,SubElement,Ascension0,Ascension3,FactionLogo,BaseColour,Skin,SkinUrl
Alice,4,Fire,,https://static.wikia.nocookie.net/alchemystars/images/8/82/Alice.png/revision/latest?cb=20211210192855,https://static.wikia.nocookie.net/alchemystars/images/f/f1/Alice_Ascended.png/revision/latest?cb=20211210192857,https://static.wikia.nocookie.net/alchemystars/images/c/ce/Alice_Logo.png/revision/latest/scale-to-width-down/512?cb=20210823164250,#ddafaf,Skin1,
Allura,5,Water,Thunder,https://static.wikia.nocookie.net/alchemystars/images/9/9b/Allura.png/revision/latest?cb=20211211183637,https://static.wikia.nocookie.net/alchemystars/images/e/ee/Allura_Ascended.png/revision/latest?cb=20211211183650,https://static.wikia.nocookie.net/alchemystars/images/d/d4/Allura_Logo.png/revision/latest/scale-to-width-down/512?cb=20211002041445,#30384b,Skin1,
Amemori,6,Thunder,Water,https://static.wikia.nocookie.net/alchemystars/images/b/bc/Amemori.png/revision/latest?cb=20220331104920,https://static.wikia.nocookie.net/alchemystars/images/f/f0/Amemori_Ascended.png/revision/latest?cb=20220331105046,https://static.wikia.nocookie.net/alchemystars/images/7/7c/Amemori_Logo.png/revision/latest/scale-to-width-down/512?cb=20220331125710,#443644,Skin1,
Amy,3,Thunder,,https://static.wikia.nocookie.net/alchemystars/images/2/2a/Amy.png/revision/latest?cb=20211210054228,,https://static.wikia.nocookie.net/alchemystars/images/1/10/Amy_Logo.png/revision/latest/scale-to-width-down/512?cb=20210823164304,#d9b169,Skin1,
Angel,3,Thunder,,https://static.wikia.nocookie.net/alchemystars/images/8/83/Angel.png/revision/latest?cb=20211210055631,,https://static.wikia.nocookie.net/alchemystars/images/a/ae/Angel_Logo.png/revision/latest/scale-to-width-down/512?cb=20210823164314,#d7cfd2,Skin1,
Ansia,4,Thunder,,https://static.wikia.nocookie.net/alchemystars/images/a/ac/Ansia.png/revision/latest?cb=20211210194431,https://static.wikia.nocookie.net/alchemystars/images/8/83/Ansia_Ascended.png/revision/latest?cb=20211210194447,https://static.wikia.nocookie.net/alchemystars/images/7/7f/Ansia_Logo.png/revision/latest/scale-to-width-down/512?cb=20210823164319,#3e3332,Skin1,
Areia,5,Forest,Water,https://static.wikia.nocookie.net/alchemystars/images/d/d5/Areia.png/revision/latest?cb=20211211155711,https://static.wikia.nocookie.net/alchemystars/images/8/85/Areia_Ascended.png/revision/latest?cb=20211211155714,https://static.wikia.nocookie.net/alchemystars/images/3/3c/Areia_Logo.png/revision/latest/scale-to-width-down/512?cb=20210823164509,#2d2837,Skin1,https://static.wikia.nocookie.net/alchemystars/images/f/f1/Areia_Skin1.png/revision/latest?cb=20211223110717
Azure,6,Water,Forest,https://static.wikia.nocookie.net/alchemystars/images/c/c0/Azure.png/revision/latest?cb=20220421092840,https://static.wikia.nocookie.net/alchemystars/images/c/c3/Azure_Ascended.png/revision/latest?cb=20220421092926,https://static.wikia.nocookie.net/alchemystars/images/c/ca/Azure_Logo.png/revision/latest/scale-to-width-down/512?cb=20220421114643,#a2abc7,Skin1,
Barbara,5,Fire,Fire,https://static.wikia.nocookie.net/alchemystars/images/c/cb/Barbara.png/revision/latest?cb=20211211155057,https://static.wikia.nocookie.net/alchemystars/images/d/d8/Barbara_Ascended.png/revision/latest?cb=20211211155053,https://static.wikia.nocookie.net/alchemystars/images/2/2c/Barbara_Logo.png/revision/latest/scale-to-width-down/512?cb=20210823165028,#3d3736,Skin1,
Barton,5,Water,Thunder,https://static.wikia.nocookie.net/alchemystars/images/f/f0/Barton.png/revision/latest?cb=20211210120407,https://static.wikia.nocookie.net/alchemystars/images/f/fb/Barton_Ascended.png/revision/latest?cb=20211210120419,https://static.wikia.nocookie.net/alchemystars/images/4/44/Barton_Logo.png/revision/latest/scale-to-width-down/512?cb=20210823164926,#454b61,Skin1,https://static.wikia.nocookie.net/alchemystars/images/8/84/Barton_Skin1.png/revision/latest?cb=20211210120433
Benny and Curo,5,Fire,Forest,https://static.wikia.nocookie.net/alchemystars/images/6/65/Benny_and_Curo.png/revision/latest?cb=20211210195539,https://static.wikia.nocookie.net/alchemystars/images/2/2c/Benny_and_Curo_Ascended.png/revision/latest?cb=20211210195557,https://static.wikia.nocookie.net/alchemystars/images/2/21/Benny_and_Curo_Logo.png/revision/latest/scale-to-width-down/512?cb=20210823165031,#5e4640,Skin1,
Beryl,6,Forest,Fire,https://static.wikia.nocookie.net/alchemystars/images/9/98/Beryl.png/revision/latest?cb=20211211183153,https://static.wikia.nocookie.net/alchemystars/images/9/9c/Beryl_Ascended.png/revision/latest?cb=20211211183214,https://static.wikia.nocookie.net/alchemystars/images/4/48/Beryl_Logo.png/revision/latest/scale-to-width-down/512?cb=20210823164745,#5b2438,Skin1,
Bethel,6,Water,Fire,https://static.wikia.nocookie.net/alchemystars/images/1/1a/Bethel.png/revision/latest?cb=20211211184204,https://static.wikia.nocookie.net/alchemystars/images/e/e8/Bethel_Ascended.png/revision/latest?cb=20211211184201,https://static.wikia.nocookie.net/alchemystars/images/b/b2/Bethel_Logo.png/revision/latest/scale-to-width-down/512?cb=20211112011902,#4a536f,Skin1,
Bethlehem,6,Water,Water,https://static.wikia.nocookie.net/alchemystars/images/2/26/Bethlehem.png/revision/latest?cb=20220115040546,https://static.wikia.nocookie.net/alchemystars/images/2/2b/Bethlehem_Ascended.png/revision/latest?cb=20220104171903,https://static.wikia.nocookie.net/alchemystars/images/3/34/Bethlehem_Logo.png/revision/latest/scale-to-width-down/512?cb=20220104033141,#3b4073,Skin1,
Beverly,5,Thunder,Thunder,https://static.wikia.nocookie.net/alchemystars/images/9/99/Beverly.png/revision/latest?cb=20211211154908,https://static.wikia.nocookie.net/alchemystars/images/0/0d/Beverly_Ascended.png/revision/latest?cb=20211211154903,https://static.wikia.nocookie.net/alchemystars/images/4/46/Beverly_Logo.png/revision/latest/scale-to-width-down/512?cb=20210823165057,#57362c,Skin1,
Bonacie,5,Thunder,Water,https://static.wikia.nocookie.net/alchemystars/images/c/c2/Bonacie.png/revision/latest?cb=20211211173236,https://static.wikia.nocookie.net/alchemystars/images/c/c4/Bonacie_Ascended.png/revision/latest?cb=20211211173230,https://static.wikia.nocookie.net/alchemystars/images/1/1f/Bonacie_Logo.png/revision/latest/scale-to-width-down/512?cb=20210823164627,#5f2634,Skin1,
Brock,4,Fire,,https://static.wikia.nocookie.net/alchemystars/images/9/97/Brock.png/revision/latest?cb=20211210193618,https://static.wikia.nocookie.net/alchemystars/images/7/77/Brock_Ascended.png/revision/latest?cb=20211210193628,https://static.wikia.nocookie.net/alchemystars/images/a/ae/Brock_Logo.png/revision/latest/scale-to-width-down/512?cb=20210823165102,#605359,Skin1,
Carleen,6,Water,Water,https://static.wikia.nocookie.net/alchemystars/images/7/74/Carleen.png/revision/latest?cb=20211210060100,https://static.wikia.nocookie.net/alchemystars/images/f/fc/Carleen_Ascended.png/revision/latest?cb=20211210060058,https://static.wikia.nocookie.net/alchemystars/images/2/23/Carleen_Logo.png/revision/latest/scale-to-width-down/512?cb=20210823165239,#5d6a7b,Skin1,https://static.wikia.nocookie.net/alchemystars/images/7/70/Carleen_Skin1.png/revision/latest?cb=20211210060106
Chainsaw Rick,3,Fire,,https://static.wikia.nocookie.net/alchemystars/images/b/bb/Chainsaw_Rick.png/revision/latest?cb=20211210053731,,https://static.wikia.nocookie.net/alchemystars/images/f/f6/Chainsaw_Rick_Logo.png/revision/latest/scale-to-width-down/512?cb=20210823165300,#b8aca6,Skin1,
Chandra,4,Fire,,https://static.wikia.nocookie.net/alchemystars/images/d/dd/Chandra.png/revision/latest?cb=20211210192430,https://static.wikia.nocookie.net/alchemystars/images/e/ea/Chandra_Ascended.png/revision/latest?cb=20211210192448,https://static.wikia.nocookie.net/alchemystars/images/7/76/Chandra_Logo.png/revision/latest/scale-to-width-down/512?cb=20210823165312,#cda287,Skin1,https://static.wikia.nocookie.net/alchemystars/images/6/60/Chandra_Skin1.png/revision/latest?cb=20220421092349
Charon,6,Fire,Forest,https://static.wikia.nocookie.net/alchemystars/images/e/e2/Charon.png/revision/latest?cb=20211210123926,https://static.wikia.nocookie.net/alchemystars/images/f/f6/Charon_Ascended.png/revision/latest?cb=20211210123937,https://static.wikia.nocookie.net/alchemystars/images/6/6b/Charon_Logo.png/revision/latest/scale-to-width-down/512?cb=20210823165325,#545245,Skin1,https://static.wikia.nocookie.net/alchemystars/images/b/b3/Charon_Skin1.png/revision/latest?cb=20211210123950
Chloe,4,Water,,https://static.wikia.nocookie.net/alchemystars/images/f/f2/Chloe.png/revision/latest?cb=20211210194209,https://static.wikia.nocookie.net/alchemystars/images/0/02/Chloe_Ascended.png/revision/latest?cb=20211210194313,https://static.wikia.nocookie.net/alchemystars/images/5/55/Chloe_Logo.png/revision/latest/scale-to-width-down/512?cb=20210823165331,#a0bbc6,Skin1,
Clover,3,Forest,,https://static.wikia.nocookie.net/alchemystars/images/c/c4/Clover.png/revision/latest?cb=20211210055237,,https://static.wikia.nocookie.net/alchemystars/images/6/6f/Clover_Logo.png/revision/latest/scale-to-width-down/512?cb=20210823165354,#454444,Skin1,
Connolly,6,Water,Forest,https://static.wikia.nocookie.net/alchemystars/images/3/31/Connolly.png/revision/latest?cb=20211211174238,https://static.wikia.nocookie.net/alchemystars/images/8/8a/Connolly_Ascended.png/revision/latest?cb=20211211174248,https://static.wikia.nocookie.net/alchemystars/images/b/bc/Connolly_Logo.png/revision/latest/scale-to-width-down/512?cb=20210823165935,#64475e,Skin1,
Constantine,4,Water,,https://static.wikia.nocookie.net/alchemystars/images/5/59/Constantine.png/revision/latest?cb=20211211182456,https://static.wikia.nocookie.net/alchemystars/images/a/a3/Constantine_Ascended.png/revision/latest?cb=20211211182452,https://static.wikia.nocookie.net/alchemystars/images/3/32/Constantine_Logo.png/revision/latest/scale-to-width-down/512?cb=20210823165934,#3e506e,Skin1,
Corax,5,Water,Forest,https://static.wikia.nocookie.net/alchemystars/images/e/ed/Corax.png/revision/latest?cb=20211211155152,https://static.wikia.nocookie.net/alchemystars/images/8/8e/Corax_Ascended.png/revision/latest?cb=20211211155202,https://static.wikia.nocookie.net/alchemystars/images/e/e8/Corax_Logo.png/revision/latest/scale-to-width-down/512?cb=20210823165634,#3a3d59,Skin1,
Cordy,5,Fire,Thunder,https://static.wikia.nocookie.net/alchemystars/images/d/d8/Cordy.png/revision/latest?cb=20211211185041,https://static.wikia.nocookie.net/alchemystars/images/0/04/Cordy_Ascended.png/revision/latest?cb=20211211185035,https://static.wikia.nocookie.net/alchemystars/images/5/53/Cordy_Logo.png/revision/latest/scale-to-width-down/512?cb=20211203020547,#453e3a,Skin1,
Cuscuta,5,Forest,Forest,https://static.wikia.nocookie.net/alchemystars/images/e/e0/Cuscuta.png/revision/latest?cb=20211211155314,https://static.wikia.nocookie.net/alchemystars/images/6/65/Cuscuta_Ascended.png/revision/latest?cb=20211211155309,https://static.wikia.nocookie.net/alchemystars/images/0/0b/Cuscuta_Logo.png/revision/latest/scale-to-width-down/512?cb=20210823165816,#b4a47e,Skin1,
Dawn,5,Forest,Thunder,https://static.wikia.nocookie.net/alchemystars/images/8/8e/Dawn.png/revision/latest?cb=20211211155828,https://static.wikia.nocookie.net/alchemystars/images/5/55/Dawn_Ascended.png/revision/latest?cb=20211211155837,https://static.wikia.nocookie.net/alchemystars/images/8/87/Dawn_Logo.png/revision/latest/scale-to-width-down/512?cb=20210823170115,#39342f,Skin1,
Dayna,5,Thunder,Forest,https://static.wikia.nocookie.net/alchemystars/images/c/c8/Dayna.png/revision/latest?cb=20211210192115,https://static.wikia.nocookie.net/alchemystars/images/d/d9/Dayna_Ascended.png/revision/latest?cb=20211210192141,https://static.wikia.nocookie.net/alchemystars/images/1/1d/Dayna_Logo.png/revision/latest/scale-to-width-down/512?cb=20210823170113,#433d36,Skin1,
Dove,3,Forest,,https://static.wikia.nocookie.net/alchemystars/images/5/5d/Dove.png/revision/latest?cb=20211210054052,,https://static.wikia.nocookie.net/alchemystars/images/7/7b/Dove_Logo.png/revision/latest/scale-to-width-down/512?cb=20210823170111,#656a66,Skin1,
Eho,3,Thunder,,https://static.wikia.nocookie.net/alchemystars/images/b/b6/Eho.png/revision/latest?cb=20211210055639,,https://static.wikia.nocookie.net/alchemystars/images/f/f6/Eho_Logo.png/revision/latest/scale-to-width-down/512?cb=20210823170058,#383035,Skin1,
Eicy,6,Fire,Water,https://static.wikia.nocookie.net/alchemystars/images/4/45/Eicy.png/revision/latest?cb=20211210061144,https://static.wikia.nocookie.net/alchemystars/images/1/1e/Eicy_Ascended.png/revision/latest?cb=20211210061206,https://static.wikia.nocookie.net/alchemystars/images/c/ce/Eicy_Logo.png/revision/latest/scale-to-width-down/512?cb=20210823170056,#46353d,Skin1,https://static.wikia.nocookie.net/alchemystars/images/f/f0/Eicy_Skin1.png/revision/latest?cb=20211210061238
Elma,5,Water,Water,https://static.wikia.nocookie.net/alchemystars/images/e/e1/Elma.png/revision/latest?cb=20220113111211,https://static.wikia.nocookie.net/alchemystars/images/8/80/Elma_Ascended.png/revision/latest?cb=20220113111255,https://static.wikia.nocookie.net/alchemystars/images/3/38/Elma_Logo.png/revision/latest/scale-to-width-down/512?cb=20220115053801,#4a6073,Skin1,
Erica,5,Thunder,Forest,https://static.wikia.nocookie.net/alchemystars/images/8/8b/Erica.png/revision/latest?cb=20220127161630,https://static.wikia.nocookie.net/alchemystars/images/3/3b/Erica_Ascended.png/revision/latest?cb=20220127161948,https://static.wikia.nocookie.net/alchemystars/images/6/60/Erica_Logo.png/revision/latest/scale-to-width-down/512?cb=20220220001619,#c5c8d4,Skin1,
Eve,6,Thunder,Fire,https://static.wikia.nocookie.net/alchemystars/images/6/64/Eve.png/revision/latest?cb=20211211183035,https://static.wikia.nocookie.net/alchemystars/images/e/e1/Eve_Ascended.png/revision/latest?cb=20211211183053,https://static.wikia.nocookie.net/alchemystars/images/7/77/Eve_Logo.png/revision/latest/scale-to-width-down/512?cb=20210823170053,#613e30,Skin1,https://static.wikia.nocookie.net/alchemystars/images/0/0d/Eve_Skin1.png/revision/latest?cb=20220127162305
Fafnir,4,Water,,https://static.wikia.nocookie.net/alchemystars/images/8/83/Fafnir.png/revision/latest?cb=20220113112556,https://static.wikia.nocookie.net/alchemystars/images/1/1a/Fafnir_Ascended.png/revision/latest?cb=20220113112625,https://static.wikia.nocookie.net/alchemystars/images/6/65/Fafnir_Logo.png/revision/latest/scale-to-width-down/512?cb=20220221025355,#322427,Skin1,
Faust,5,Fire,Water,https://static.wikia.nocookie.net/alchemystars/images/d/d0/Faust.png/revision/latest?cb=20211210194728,https://static.wikia.nocookie.net/alchemystars/images/3/3a/Faust_Ascended.png/revision/latest?cb=20211210194728,https://static.wikia.nocookie.net/alchemystars/images/d/d5/Faust_Logo.png/revision/latest/scale-to-width-down/512?cb=20210823170246,#473739,Skin1,
Fleur,6,Water,Thunder,https://static.wikia.nocookie.net/alchemystars/images/7/7e/Fleur.png/revision/latest?cb=20211211183427,https://static.wikia.nocookie.net/alchemystars/images/5/51/Fleur_Ascended.png/revision/latest?cb=20211211183425,https://static.wikia.nocookie.net/alchemystars/images/0/0e/Fleur_Logo.png/revision/latest/scale-to-width-down/512?cb=20210823170231,#343136,Skin1,
Florine,6,Thunder,Thunder,https://static.wikia.nocookie.net/alchemystars/images/4/4d/Florine.png/revision/latest?cb=20220217224407,https://static.wikia.nocookie.net/alchemystars/images/5/5b/Florine_Ascended.png/revision/latest?cb=20220217094731,https://static.wikia.nocookie.net/alchemystars/images/a/ab/Florine_Logo.png/revision/latest/scale-to-width-down/512?cb=20220218123157,#47363f,Skin1,
Frostfire,6,Fire,Fire,https://static.wikia.nocookie.net/alchemystars/images/a/a6/Frostfire.png/revision/latest?cb=20211210065724,,https://static.wikia.nocookie.net/alchemystars/images/6/67/Frostfire_Logo.png/revision/latest/scale-to-width-down/512?cb=20210823170244,#4a3c38,Skin1,
Gabriel,6,Forest,Forest,https://static.wikia.nocookie.net/alchemystars/images/d/da/Gabriel.png/revision/latest?cb=20211211174801,https://static.wikia.nocookie.net/alchemystars/images/6/65/Gabriel_Ascended.png/revision/latest?cb=20211211174806,https://static.wikia.nocookie.net/alchemystars/images/b/b7/Gabriel_Logo.png/revision/latest/scale-to-width-down/512?cb=20210823170229,#d5b9b9,Skin1,
Genevieve,5,Fire,Thunder,https://static.wikia.nocookie.net/alchemystars/images/7/76/Genevieve.png/revision/latest?cb=20211211172736,https://static.wikia.nocookie.net/alchemystars/images/8/84/Genevieve_Ascended.png/revision/latest?cb=20211211172744,https://static.wikia.nocookie.net/alchemystars/images/1/1a/Genevieve_Logo.png/revision/latest/scale-to-width-down/512?cb=20210910021607,#e6ac8f,Skin1,
Gram,6,Fire,Thunder,https://static.wikia.nocookie.net/alchemystars/images/a/ab/Gram.png/revision/latest?cb=20211211183430,https://static.wikia.nocookie.net/alchemystars/images/7/70/Gram_Ascended.png/revision/latest?cb=20211211183430,https://static.wikia.nocookie.net/alchemystars/images/8/87/Gram_Logo.png/revision/latest/scale-to-width-down/512?cb=20211002041443,#3f2d29,Skin1,
Gronru,6,Thunder,Forest,https://static.wikia.nocookie.net/alchemystars/images/c/c8/Gronru.png/revision/latest?cb=20211211174942,https://static.wikia.nocookie.net/alchemystars/images/9/9f/Gronru_Ascended.png/revision/latest?cb=20211211174952,https://static.wikia.nocookie.net/alchemystars/images/3/3b/Gronru_Logo.png/revision/latest/scale-to-width-down/512?cb=20210823170227,#382b24,Skin1,https://static.wikia.nocookie.net/alchemystars/images/a/ad/Gronru_Skin1.png/revision/latest?cb=20220104031610
Hachi & Gin,4,Thunder,,https://static.wikia.nocookie.net/alchemystars/images/8/86/Hachi_%26_Gin.png/revision/latest?cb=20211211184823,https://static.wikia.nocookie.net/alchemystars/images/3/3d/Hachi_%26_Gin_Ascended.png/revision/latest?cb=20211211184831,https://static.wikia.nocookie.net/alchemystars/images/e/ef/Hachi_%26_Gin_Logo.png/revision/latest/scale-to-width-down/512?cb=20211203020543,#372928,Skin1,
Hedy,6,Forest,Thunder,https://static.wikia.nocookie.net/alchemystars/images/4/44/Hedy.png/revision/latest?cb=20211211184928,https://static.wikia.nocookie.net/alchemystars/images/d/df/Hedy_Ascended.png/revision/latest?cb=20211211184935,https://static.wikia.nocookie.net/alchemystars/images/e/e4/Hedy_Logo.png/revision/latest/scale-to-width-down/512?cb=20211203020539,#4f5565,Skin1,
Hiiro,6,Forest,Thunder,https://static.wikia.nocookie.net/alchemystars/images/a/ae/Hiiro.png/revision/latest?cb=20211210121522,https://static.wikia.nocookie.net/alchemystars/images/f/f6/Hiiro_Ascended.png/revision/latest?cb=20211210121532,https://static.wikia.nocookie.net/alchemystars/images/2/28/Hiiro_Logo.png/revision/latest/scale-to-width-down/512?cb=20210823170350,#b19aaa,Skin1,https://static.wikia.nocookie.net/alchemystars/images/6/69/Hiiro_Skin1.png/revision/latest?cb=20211210121543
Hydrad,5,Water,Fire,https://static.wikia.nocookie.net/alchemystars/images/3/37/Hydrad.png/revision/latest?cb=20211210195820,https://static.wikia.nocookie.net/alchemystars/images/a/a1/Hydrad_Ascended.png/revision/latest?cb=20211210195716,https://static.wikia.nocookie.net/alchemystars/images/8/8f/Hydrad_Logo.png/revision/latest/scale-to-width-down/512?cb=20211203020523,#43475a,Skin1,
Irridon,6,Thunder,Water,https://static.wikia.nocookie.net/alchemystars/images/a/a6/Irridon.png/revision/latest?cb=20211211175157,https://static.wikia.nocookie.net/alchemystars/images/b/b7/Irridon_Ascended.png/revision/latest?cb=20211211175201,https://static.wikia.nocookie.net/alchemystars/images/d/d4/Irridon_Logo.png/revision/latest/scale-to-width-down/512?cb=20210823170340,#beaf8f,Skin1,https://static.wikia.nocookie.net/alchemystars/images/5/5e/Irridon_Skin1.png/revision/latest?cb=20220331101724
Istvan,5,Fire,Water,https://static.wikia.nocookie.net/alchemystars/images/7/7f/Istvan.png/revision/latest?cb=20211211154811,https://static.wikia.nocookie.net/alchemystars/images/5/5a/Istvan_Ascended.png/revision/latest?cb=20211211154820,https://static.wikia.nocookie.net/alchemystars/images/7/72/Istvan_Logo.png/revision/latest/scale-to-width-down/512?cb=20210823170339,#3c4557,Skin1,https://static.wikia.nocookie.net/alchemystars/images/3/34/Istvan_Skin1.png/revision/latest?cb=20220421092546
Jane,4,Water,,https://static.wikia.nocookie.net/alchemystars/images/1/1e/Jane.png/revision/latest?cb=20211210110542,https://static.wikia.nocookie.net/alchemystars/images/0/0f/Jane_Ascended.png/revision/latest?cb=20211210110551,https://static.wikia.nocookie.net/alchemystars/images/0/02/Jane_Logo.png/revision/latest/scale-to-width-down/512?cb=20210823170521,#323546,Skin1,https://static.wikia.nocookie.net/alchemystars/images/c/c8/Jane_Skin1.png/revision/latest?cb=20211210110601
Joanie Boom,4,Fire,,https://static.wikia.nocookie.net/alchemystars/images/d/d9/Joanie_Boom.png/revision/latest?cb=20211210055754,https://static.wikia.nocookie.net/alchemystars/images/f/f8/Joanie_Boom_Ascended.png/revision/latest?cb=20211210055805,https://static.wikia.nocookie.net/alchemystars/images/8/89/Joanie_Boom_Logo.png/revision/latest/scale-to-width-down/512?cb=20210823170516,#be9f84,Skin1,
Jola,4,Forest,,https://static.wikia.nocookie.net/alchemystars/images/2/2f/Jola.png/revision/latest?cb=20211210195600,https://static.wikia.nocookie.net/alchemystars/images/2/23/Jola_Ascended.png/revision/latest?cb=20211210195555,https://static.wikia.nocookie.net/alchemystars/images/0/02/Jola_Logo.png/revision/latest/scale-to-width-down/512?cb=20210823170508,#937487,Skin1,
Jomu,3,Forest,,https://static.wikia.nocookie.net/alchemystars/images/d/df/Jomu.png/revision/latest?cb=20211210054218,,https://static.wikia.nocookie.net/alchemystars/images/3/3c/Jomu_Logo.png/revision/latest/scale-to-width-down/512?cb=20210823170506,#374840,Skin1,
Jona,6,Fire,Thunder,https://static.wikia.nocookie.net/alchemystars/images/f/f2/Jona.png/revision/latest?cb=20211211174955,https://static.wikia.nocookie.net/alchemystars/images/3/3f/Jona_Ascended.png/revision/latest?cb=20211211175002,https://static.wikia.nocookie.net/alchemystars/images/7/77/Jona_Logo.png/revision/latest/scale-to-width-down/512?cb=20210823170503,#483d39,Skin1,https://static.wikia.nocookie.net/alchemystars/images/4/4f/Jona_Skin1.png/revision/latest?cb=20220421092435
Kafka,4,Thunder,,https://static.wikia.nocookie.net/alchemystars/images/2/20/Kafka.png/revision/latest?cb=20211210055418,https://static.wikia.nocookie.net/alchemystars/images/0/07/Kafka_Ascended.png/revision/latest?cb=20211210055430,https://static.wikia.nocookie.net/alchemystars/images/b/bd/Kafka_Logo.png/revision/latest/scale-to-width-down/512?cb=20210823170650,#55535a,Skin1,
Kanna,6,Thunder,Thunder,https://static.wikia.nocookie.net/alchemystars/images/4/47/Kanna.png/revision/latest?cb=20220113110254,https://static.wikia.nocookie.net/alchemystars/images/d/de/Kanna_Ascended.png/revision/latest?cb=20220113110330,https://static.wikia.nocookie.net/alchemystars/images/e/e3/Kanna_Logo.png/revision/latest/scale-to-width-down/512?cb=20220116050247,#424869,Skin1,
Kayano,5,Water,Forest,https://static.wikia.nocookie.net/alchemystars/images/7/78/Kayano.png/revision/latest?cb=20220310095340,https://static.wikia.nocookie.net/alchemystars/images/e/e2/Kayano_Ascended.png/revision/latest?cb=20220310095408,https://static.wikia.nocookie.net/alchemystars/images/6/68/Kayano_Logo.png/revision/latest/scale-to-width-down/512?cb=20220310131905,#a35c5b,Skin1,
Keating,5,Thunder,Thunder,https://static.wikia.nocookie.net/alchemystars/images/8/8c/Keating.png/revision/latest?cb=20211210053845,https://static.wikia.nocookie.net/alchemystars/images/0/0b/Keating_Ascended.png/revision/latest?cb=20211210053850,https://static.wikia.nocookie.net/alchemystars/images/9/94/Keating_Logo.png/revision/latest/scale-to-width-down/512?cb=20210823170653,#bcb09e,Skin1,
Kleken,5,Water,Water,https://static.wikia.nocookie.net/alchemystars/images/c/c2/Kleken.png/revision/latest?cb=20211210062721,https://static.wikia.nocookie.net/alchemystars/images/6/69/Kleken_Ascended.png/revision/latest?cb=20211210062821,https://static.wikia.nocookie.net/alchemystars/images/d/d8/Kleken_Logo.png/revision/latest/scale-to-width-down/512?cb=20210823170641,#3b3c4f,Skin1,https://static.wikia.nocookie.net/alchemystars/images/f/fa/Kleken_Skin1.png/revision/latest?cb=20211210062900
Korgon,3,Water,,https://static.wikia.nocookie.net/alchemystars/images/a/a5/Korgon.png/revision/latest?cb=20211210053641,,https://static.wikia.nocookie.net/alchemystars/images/a/ab/Korgon_Logo.png/revision/latest/scale-to-width-down/512?cb=20210823170639,#3b3939,Skin1,
Kuma & Pengy,4,Water,,https://static.wikia.nocookie.net/alchemystars/images/d/dc/Kuma_%26_Pengy.png/revision/latest?cb=20211211173551,https://static.wikia.nocookie.net/alchemystars/images/3/34/Kuma_%26_Pengy_Ascended.png/revision/latest?cb=20211211173558,https://static.wikia.nocookie.net/alchemystars/images/3/3a/Kuma_%26_Pengy_Logo.png/revision/latest/scale-to-width-down/512?cb=20210823170638,#b4a79f,Skin1,
Leah,3,Forest,,https://static.wikia.nocookie.net/alchemystars/images/e/e6/Leah.png/revision/latest?cb=20211210054857,,https://static.wikia.nocookie.net/alchemystars/images/5/5a/Leah_Logo.png/revision/latest/scale-to-width-down/512?cb=20210823171316,#d4d2c1,Skin1,
Leona,5,Fire,Fire,https://static.wikia.nocookie.net/alchemystars/images/9/9a/Leona.png/revision/latest?cb=20211211182703,https://static.wikia.nocookie.net/alchemystars/images/6/63/Leona_Ascended.png/revision/latest?cb=20211211182612,https://static.wikia.nocookie.net/alchemystars/images/a/ac/Leona_Logo.png/revision/latest/scale-to-width-down/512?cb=20210823171313,#574447,Skin1,
Lester,4,Forest,,https://static.wikia.nocookie.net/alchemystars/images/8/87/Lester.png/revision/latest?cb=20211210194351,https://static.wikia.nocookie.net/alchemystars/images/a/a5/Lester_Ascended.png/revision/latest?cb=20211210194415,https://static.wikia.nocookie.net/alchemystars/images/2/29/Lester_Logo.png/revision/latest/scale-to-width-down/512?cb=20210823171311,#47433a,Skin1,
Lilliam,4,Thunder,,https://static.wikia.nocookie.net/alchemystars/images/a/a0/Lilliam.png/revision/latest?cb=20211210193848,https://static.wikia.nocookie.net/alchemystars/images/4/48/Lilliam_Ascended.png/revision/latest?cb=20211210193913,https://static.wikia.nocookie.net/alchemystars/images/e/eb/Lilliam_Logo.png/revision/latest/scale-to-width-down/512?cb=20210823171309,#503b30,Skin1,
Lola,5,Forest,Water,https://static.wikia.nocookie.net/alchemystars/images/f/fa/Lola.png/revision/latest?cb=20220104032910,https://static.wikia.nocookie.net/alchemystars/images/2/23/Lola_Ascended.png/revision/latest?cb=20220104033001,https://static.wikia.nocookie.net/alchemystars/images/7/7a/Lola_Logo.png/revision/latest/scale-to-width-down/512?cb=20220104033118,#c3c5ca,Skin1,
Louise,5,Forest,Forest,https://static.wikia.nocookie.net/alchemystars/images/1/1f/Louise.png/revision/latest?cb=20211211173749,https://static.wikia.nocookie.net/alchemystars/images/b/bb/Louise_Ascended.png/revision/latest?cb=20211211173744,https://static.wikia.nocookie.net/alchemystars/images/7/7c/Louise_Logo.png/revision/latest/scale-to-width-down/512?cb=20210823171307,#4b3d4e,Skin1,
Lucoa,5,Forest,Forest,https://static.wikia.nocookie.net/alchemystars/images/9/9b/Lucoa.png/revision/latest?cb=20220113105356,https://static.wikia.nocookie.net/alchemystars/images/6/6e/Lucoa_Ascended.png/revision/latest?cb=20220113105437,https://static.wikia.nocookie.net/alchemystars/images/9/9b/Lucoa_Logo.png/revision/latest/scale-to-width-down/512?cb=20220116050230,#b3c9ae,Skin1,
Luke,6,Thunder,Forest,https://static.wikia.nocookie.net/alchemystars/images/4/4f/Luke.png/revision/latest?cb=20211211184213,https://static.wikia.nocookie.net/alchemystars/images/4/4d/Luke_Ascended.png/revision/latest?cb=20211211184222,https://static.wikia.nocookie.net/alchemystars/images/9/97/Luke_Logo.png/revision/latest/scale-to-width-down/512?cb=20211112011902,#4a4e63,Skin1,
Maggie,5,Fire,Fire,https://static.wikia.nocookie.net/alchemystars/images/8/89/Maggie.png/revision/latest?cb=20211211155001,https://static.wikia.nocookie.net/alchemystars/images/3/37/Maggie_Ascended.png/revision/latest?cb=20211211155009,https://static.wikia.nocookie.net/alchemystars/images/1/17/Maggie_Logo.png/revision/latest/scale-to-width-down/512?cb=20210823171455,#4b332a,Skin1,https://static.wikia.nocookie.net/alchemystars/images/b/b9/Maggie_Skin1.png/revision/latest?cb=20220127162255
Mia,5,Thunder,Fire,https://static.wikia.nocookie.net/alchemystars/images/4/45/Mia.png/revision/latest?cb=20211211173730,https://static.wikia.nocookie.net/alchemystars/images/f/f3/Mia_Ascended.png/revision/latest?cb=20211211173735,https://static.wikia.nocookie.net/alchemystars/images/7/7c/Mia_Logo.png/revision/latest/scale-to-width-down/512?cb=20210823171452,#635267,Skin1,
Michael,6,Thunder,Thunder,https://static.wikia.nocookie.net/alchemystars/images/f/f3/Michael.png/revision/latest?cb=20211211174351,https://static.wikia.nocookie.net/alchemystars/images/d/db/Michael_Ascended.png/revision/latest?cb=20211211174357,https://static.wikia.nocookie.net/alchemystars/images/0/09/Michael_Logo.png/revision/latest/scale-to-width-down/512?cb=20210823171450,#b3aaba,Skin1,
Michenny,4,Water,,https://static.wikia.nocookie.net/alchemystars/images/6/66/Michenny.png/revision/latest?cb=20211210193650,https://static.wikia.nocookie.net/alchemystars/images/2/2e/Michenny_Ascended.png/revision/latest?cb=20211210193710,https://static.wikia.nocookie.net/alchemystars/images/a/a0/Michenny_Logo.png/revision/latest/scale-to-width-down/512?cb=20210823171448,#aeafb3,Skin1,
Migard,6,Forest,Fire,https://static.wikia.nocookie.net/alchemystars/images/e/ea/Migard.png/revision/latest?cb=20211210125031,https://static.wikia.nocookie.net/alchemystars/images/d/d3/Migard_Ascended.png/revision/latest?cb=20211210125039,https://static.wikia.nocookie.net/alchemystars/images/b/b5/Migard_Logo.png/revision/latest/scale-to-width-down/512?cb=20210823171442,#576d5e,Skin1,https://static.wikia.nocookie.net/alchemystars/images/e/e0/Migard_Skin1.png/revision/latest?cb=20211210125048
Momo & Anzu,5,Fire,Thunder,https://static.wikia.nocookie.net/alchemystars/images/5/5a/Momo_%26_Anzu.png/revision/latest?cb=20220331104912,https://static.wikia.nocookie.net/alchemystars/images/b/b1/Momo_%26_Anzu_Ascended.png/revision/latest?cb=20220331105038,https://static.wikia.nocookie.net/alchemystars/images/0/0f/Momo_%26_Anzu_Logo.png/revision/latest/scale-to-width-down/512?cb=20220331124030,#c7966f,Skin1,
Ms. Blanc,4,Water,,https://static.wikia.nocookie.net/alchemystars/images/5/56/Ms._Blanc.png/revision/latest?cb=20211210055851,https://static.wikia.nocookie.net/alchemystars/images/c/c4/Ms._Blanc_Ascended.png/revision/latest?cb=20211210055904,https://static.wikia.nocookie.net/alchemystars/images/f/f7/Ms._Blanc_Logo.png/revision/latest/scale-to-width-down/512?cb=20210823171440,#a7acb9,Skin1,
Mythos,6,Forest,Forest,https://static.wikia.nocookie.net/alchemystars/images/6/6d/Mythos.png/revision/latest?cb=20211210070504,,https://static.wikia.nocookie.net/alchemystars/images/e/e3/Mythos_Logo.png/revision/latest/scale-to-width-down/512?cb=20210823171438,#3f4457,Skin1,
Nadine,4,Thunder,,https://static.wikia.nocookie.net/alchemystars/images/d/dd/Nadine.png/revision/latest?cb=20211209182822,https://static.wikia.nocookie.net/alchemystars/images/3/3b/Nadine_Ascended.png/revision/latest?cb=20211209182927,https://static.wikia.nocookie.net/alchemystars/images/0/08/Nadine_Logo.png/revision/latest/scale-to-width-down/512?cb=20210823171639,#3e342d,Skin1,https://static.wikia.nocookie.net/alchemystars/images/6/68/Nadine_Skin1.png/revision/latest?cb=20220127162250
Nails,4,Fire,,https://static.wikia.nocookie.net/alchemystars/images/5/50/Nails.png/revision/latest?cb=20210705012213,https://static.wikia.nocookie.net/alchemystars/images/7/7b/Nails_Ascended.png/revision/latest?cb=20210705013421,https://static.wikia.nocookie.net/alchemystars/images/7/71/Nails_Logo.png/revision/latest/scale-to-width-down/512?cb=20210823171637,#512731,Skin1,https://static.wikia.nocookie.net/alchemystars/images/4/40/Nails_Skin1.png/revision/latest?cb=20220104031303
Naroxel,5,Forest,Water,https://static.wikia.nocookie.net/alchemystars/images/d/d6/Naroxel.png/revision/latest?cb=20211211185117,https://static.wikia.nocookie.net/alchemystars/images/f/f1/Naroxel_Ascended.png/revision/latest?cb=20211211185123,https://static.wikia.nocookie.net/alchemystars/images/9/98/Naroxel_Logo.png/revision/latest/scale-to-width-down/512?cb=20211022014629,#5b6249,Skin1,
Nemesis,5,Thunder,Thunder,https://static.wikia.nocookie.net/alchemystars/images/e/e3/Nemesis.png/revision/latest?cb=20211210195117,https://static.wikia.nocookie.net/alchemystars/images/d/d3/Nemesis_Ascended.png/revision/latest?cb=20211210195114,https://static.wikia.nocookie.net/alchemystars/images/7/70/Nemesis_Logo.png/revision/latest/scale-to-width-down/512?cb=20210823171634,#3d3432,Skin1,
Nikinis,6,Forest,Water,https://static.wikia.nocookie.net/alchemystars/images/a/a5/Nikinis.png/revision/latest?cb=20211211173215,https://static.wikia.nocookie.net/alchemystars/images/9/93/Nikinis_Ascended.png/revision/latest?cb=20211211173211,https://static.wikia.nocookie.net/alchemystars/images/a/a6/Nikinis_Logo.png/revision/latest/scale-to-width-down/512?cb=20210823171630,#bdb9b5,Skin1,https://static.wikia.nocookie.net/alchemystars/images/9/91/Nikinis_Skin1.png/revision/latest?cb=20220104031639
Noah,5,Water,Water,https://static.wikia.nocookie.net/alchemystars/images/d/dd/Noah.png/revision/latest?cb=20211210195204,https://static.wikia.nocookie.net/alchemystars/images/e/e3/Noah_Ascended.png/revision/latest?cb=20211210195228,https://static.wikia.nocookie.net/alchemystars/images/2/2d/Noah_Logo.png/revision/latest/scale-to-width-down/512?cb=20210823171628,#b4b8b5,Skin1,
Novio,6,Fire,Fire,https://static.wikia.nocookie.net/alchemystars/images/a/a6/Novio.png/revision/latest?cb=20220104033307,https://static.wikia.nocookie.net/alchemystars/images/8/84/Novio_Ascended.png/revision/latest?cb=20220104033324,https://static.wikia.nocookie.net/alchemystars/images/0/08/Novio_Logo.png/revision/latest/scale-to-width-down/512?cb=20220104033230,#495063,Skin1,
Odi,5,Forest,Forest,https://static.wikia.nocookie.net/alchemystars/images/1/11/Odi.png/revision/latest?cb=20211211182848,https://static.wikia.nocookie.net/alchemystars/images/b/b6/Odi_Ascended.png/revision/latest?cb=20211211182842,https://static.wikia.nocookie.net/alchemystars/images/1/15/Odi_Logo.png/revision/latest/scale-to-width-down/512?cb=20210823171626,#464142,Skin1,
Ophina,3,Forest,,https://static.wikia.nocookie.net/alchemystars/images/d/da/Ophina.png/revision/latest?cb=20211210054850,,https://static.wikia.nocookie.net/alchemystars/images/b/b3/Ophina_Logo.png/revision/latest/scale-to-width-down/512?cb=20210823171623,#5d9ca9,Skin1,
Pact,5,Forest,Fire,https://static.wikia.nocookie.net/alchemystars/images/3/3e/Pact.png/revision/latest?cb=20211210114328,https://static.wikia.nocookie.net/alchemystars/images/9/9b/Pact_Ascended.png/revision/latest?cb=20211210114508,https://static.wikia.nocookie.net/alchemystars/images/9/9b/Pact_Logo.png/revision/latest/scale-to-width-down/512?cb=20210823171800,#56524d,Skin1,https://static.wikia.nocookie.net/alchemystars/images/2/2e/Pact_Skin1.png/revision/latest?cb=20211210114520
Paloma,6,Forest,Forest,https://static.wikia.nocookie.net/alchemystars/images/e/ee/Paloma.png/revision/latest?cb=20211211185221,https://static.wikia.nocookie.net/alchemystars/images/0/07/Paloma_Ascended.png/revision/latest?cb=20211211185216,https://static.wikia.nocookie.net/alchemystars/images/b/b0/Paloma_Logo.png/revision/latest/scale-to-width-down/512?cb=20211022014625,#402522,Skin1,
Pasolo,4,Forest,,https://static.wikia.nocookie.net/alchemystars/images/0/05/Pasolo.png/revision/latest?cb=20211210194634,https://static.wikia.nocookie.net/alchemystars/images/5/5b/Pasolo_Ascended.png/revision/latest?cb=20211210194702,https://static.wikia.nocookie.net/alchemystars/images/d/d4/Pasolo_Logo.png/revision/latest/scale-to-width-down/512?cb=20210823171758,#67646d,Skin1,
Patty & Patsy,4,Fire,,https://static.wikia.nocookie.net/alchemystars/images/2/22/Patty_%26_Patsy.png/revision/latest?cb=20211210193059,https://static.wikia.nocookie.net/alchemystars/images/a/a4/Patty_%26_Patsy_Ascended.png/revision/latest?cb=20211210193052,https://static.wikia.nocookie.net/alchemystars/images/d/d0/Patty_%26_Patsy_Logo.png/revision/latest/scale-to-width-down/512?cb=20210823171757,#504052,Skin1,
Pepi,3,Fire,,https://static.wikia.nocookie.net/alchemystars/images/8/87/Pepi.png/revision/latest?cb=20211210054346,,https://static.wikia.nocookie.net/alchemystars/images/d/d9/Pepi_Logo.png/revision/latest/scale-to-width-down/512?cb=20210823171754,#633535,Skin1,
Philyshy,5,Water,Fire,https://static.wikia.nocookie.net/alchemystars/images/f/f7/Philyshy.png/revision/latest?cb=20211210113028,https://static.wikia.nocookie.net/alchemystars/images/3/3f/Philyshy_Ascended.png/revision/latest?cb=20211210113050,https://static.wikia.nocookie.net/alchemystars/images/4/42/Philyshy_Logo.png/revision/latest/scale-to-width-down/512?cb=20210823171753,#4a4353,Skin1,https://static.wikia.nocookie.net/alchemystars/images/8/81/Philyshy_Skin1.png/revision/latest?cb=20211210113124
Pittman,5,Thunder,Fire,https://static.wikia.nocookie.net/alchemystars/images/0/03/Pittman.png/revision/latest?cb=20211211184302,https://static.wikia.nocookie.net/alchemystars/images/a/ae/Pittman_Ascended.png/revision/latest?cb=20211211184314,https://static.wikia.nocookie.net/alchemystars/images/7/7b/Pittman_Logo.png/revision/latest/scale-to-width-down/512?cb=20211112011903,#455684,Skin1,
Rabbie,4,Thunder,,https://static.wikia.nocookie.net/alchemystars/images/d/d9/Rabbie.png/revision/latest?cb=20211210055528,https://static.wikia.nocookie.net/alchemystars/images/a/ac/Rabbie_Ascended.png/revision/latest?cb=20211210055521,https://static.wikia.nocookie.net/alchemystars/images/0/01/Rabbie_Logo.png/revision/latest/scale-to-width-down/512?cb=20210823172000,#583f37,Skin1,
Raphael,6,Water,Water,https://static.wikia.nocookie.net/alchemystars/images/5/5a/Raphael.png/revision/latest?cb=20211211174608,https://static.wikia.nocookie.net/alchemystars/images/5/5e/Raphael_Ascended.png/revision/latest?cb=20211211174609,https://static.wikia.nocookie.net/alchemystars/images/b/bb/Raphael_Logo.png/revision/latest/scale-to-width-down/512?cb=20210823171958,#c6a9ac,Skin1,
Regal,6,Water,Water,https://static.wikia.nocookie.net/alchemystars/images/8/8d/Regal.png/revision/latest?cb=20211210064413,,https://static.wikia.nocookie.net/alchemystars/images/2/22/Regal_Logo.png/revision/latest/scale-to-width-down/512?cb=20210823171956,#31364d,Skin1,
Regina,5,Fire,Thunder,https://static.wikia.nocookie.net/alchemystars/images/5/5f/Regina.png/revision/latest?cb=20211210195306,https://static.wikia.nocookie.net/alchemystars/images/4/43/Regina_Ascended.png/revision/latest?cb=20211210195324,https://static.wikia.nocookie.net/alchemystars/images/1/12/Regina_Logo.png/revision/latest/scale-to-width-down/512?cb=20210823171954,#302827,Skin1,
Requiem,6,Thunder,Thunder,https://static.wikia.nocookie.net/alchemystars/images/9/91/Requiem.png/revision/latest?cb=20211210071359,,https://static.wikia.nocookie.net/alchemystars/images/f/f9/Requiem_Logo.png/revision/latest/scale-to-width-down/512?cb=20210823171953,#3e313a,Skin1,
Revy,6,Thunder,Water,https://static.wikia.nocookie.net/alchemystars/images/9/91/Revy.png/revision/latest?cb=20211211183633,https://static.wikia.nocookie.net/alchemystars/images/d/db/Revy_Ascended.png/revision/latest?cb=20211211183650,https://static.wikia.nocookie.net/alchemystars/images/6/69/Revy_Logo.png/revision/latest/scale-to-width-down/512?cb=20211002041455,#524a49,Skin1,
Rinne,6,Fire,Fire,https://static.wikia.nocookie.net/alchemystars/images/6/69/Rinne.png/revision/latest?cb=20220310093945,https://static.wikia.nocookie.net/alchemystars/images/5/53/Rinne_Ascended.png/revision/latest?cb=20220310094029,https://static.wikia.nocookie.net/alchemystars/images/a/a1/Rinne_Logo.png/revision/latest/scale-to-width-down/512?cb=20220310131658,#c2ad96,Skin1,
Robyn,5,Forest,Thunder,https://static.wikia.nocookie.net/alchemystars/images/2/2b/Robyn.png/revision/latest?cb=20211211154706,https://static.wikia.nocookie.net/alchemystars/images/7/72/Robyn_Ascended.png/revision/latest?cb=20211211154707,https://static.wikia.nocookie.net/alchemystars/images/c/cd/Robyn_Logo.png/revision/latest/scale-to-width-down/512?cb=20210823171950,#3e4e4f,Skin1,
Rouge,5,Fire,Fire,https://static.wikia.nocookie.net/alchemystars/images/9/90/Rouge.png/revision/latest?cb=20220217231559,https://static.wikia.nocookie.net/alchemystars/images/9/9c/Rouge_Ascended.png/revision/latest?cb=20220217231836,https://static.wikia.nocookie.net/alchemystars/images/b/b0/Rouge_Logo.png/revision/latest/scale-to-width-down/512?cb=20220218123329,#934939,Skin1,
Roy,5,Thunder,Fire,https://static.wikia.nocookie.net/alchemystars/images/9/92/Roy.png/revision/latest?cb=20220421093311,https://static.wikia.nocookie.net/alchemystars/images/b/bb/Roy_Ascended.png/revision/latest?cb=20220421093233,https://static.wikia.nocookie.net/alchemystars/images/9/92/Roy_Logo.png/revision/latest/scale-to-width-down/512?cb=20220421114629,#513e3a,Skin1,
Ruby,6,Water,Water,https://static.wikia.nocookie.net/alchemystars/images/a/a9/Ruby.png/revision/latest?cb=20220217232626,https://static.wikia.nocookie.net/alchemystars/images/3/31/Ruby_Ascended.png/revision/latest?cb=20220217233201,https://static.wikia.nocookie.net/alchemystars/images/2/26/Ruby_Logo.png/revision/latest/scale-to-width-down/512?cb=20220218123253,#8e653f,Skin1,
Sariel,6,Water,Forest,https://static.wikia.nocookie.net/alchemystars/images/6/63/Sariel.png/revision/latest?cb=20211211175518,https://static.wikia.nocookie.net/alchemystars/images/d/df/Sariel_Ascended.png/revision/latest?cb=20211211175451,https://static.wikia.nocookie.net/alchemystars/images/0/06/Sariel_Logo.png/revision/latest/scale-to-width-down/512?cb=20210823172156,#393a3b,Skin1,https://static.wikia.nocookie.net/alchemystars/images/e/ef/Sariel_Skin1.png/revision/latest?cb=20220215050342
Schwartz,5,Thunder,Thunder,https://static.wikia.nocookie.net/alchemystars/images/3/3a/Schwartz.png/revision/latest?cb=20211211174041,https://static.wikia.nocookie.net/alchemystars/images/0/08/Schwartz_Ascended.png/revision/latest?cb=20211211174013,https://static.wikia.nocookie.net/alchemystars/images/f/f6/Schwartz_Logo.png/revision/latest/scale-to-width-down/512?cb=20210823172155,#5a554f,Skin1,
Seleucid,3,Water,,https://static.wikia.nocookie.net/alchemystars/images/2/2f/Seleucid.png/revision/latest?cb=20211210053953,,https://static.wikia.nocookie.net/alchemystars/images/8/8c/Seleucid_Logo.png/revision/latest/scale-to-width-down/512?cb=20210823172151,#2d2f3f,Skin1,
Sharona,6,Water,Fire,https://static.wikia.nocookie.net/alchemystars/images/4/49/Sharona.png/revision/latest?cb=20211210122727,https://static.wikia.nocookie.net/alchemystars/images/7/7a/Sharona_Ascended.png/revision/latest?cb=20211210122737,https://static.wikia.nocookie.net/alchemystars/images/1/18/Sharona_Logo.png/revision/latest/scale-to-width-down/512?cb=20210823172150,#374a75,Skin1,https://static.wikia.nocookie.net/alchemystars/images/6/69/Sharona_Skin1.png/revision/latest?cb=20211210122747
Sikare,5,Forest,Fire,https://static.wikia.nocookie.net/alchemystars/images/f/fe/Sikare.png/revision/latest?cb=20211211155658,https://static.wikia.nocookie.net/alchemystars/images/3/36/Sikare_Ascended.png/revision/latest?cb=20210704175109,https://static.wikia.nocookie.net/alchemystars/images/8/89/Sikare_Logo.png/revision/latest/scale-to-width-down/512?cb=20210823172148,#24191d,Skin1,
Sinsa,6,Fire,Thunder,https://static.wikia.nocookie.net/alchemystars/images/9/95/Sinsa.png/revision/latest?cb=20211211174748,https://static.wikia.nocookie.net/alchemystars/images/a/ae/Sinsa_Ascended.png/revision/latest?cb=20211211174756,https://static.wikia.nocookie.net/alchemystars/images/a/a3/Sinsa_Logo.png/revision/latest/scale-to-width-down/512?cb=20210823172146,#53403b,Skin1,https://static.wikia.nocookie.net/alchemystars/images/6/67/Sinsa_Skin1.png/revision/latest?cb=20220310103139
Siobhan,6,Forest,Fire,https://static.wikia.nocookie.net/alchemystars/images/4/48/Siobhan.png/revision/latest?cb=20220127161817,https://static.wikia.nocookie.net/alchemystars/images/2/29/Siobhan_Ascended.png/revision/latest?cb=20220127161938,https://static.wikia.nocookie.net/alchemystars/images/c/cd/Siobhan_Logo.png/revision/latest/scale-to-width-down/512?cb=20220218123117,#40362f,Skin1,
Smokey,6,Fire,Water,https://static.wikia.nocookie.net/alchemystars/images/b/b2/Smokey.png/revision/latest?cb=20211211183217,https://static.wikia.nocookie.net/alchemystars/images/5/57/Smokey_Ascended.png/revision/latest?cb=20211211183215,https://static.wikia.nocookie.net/alchemystars/images/2/2c/Smokey_Logo.png/revision/latest/scale-to-width-down/512?cb=20210910021618,#3b1f1c,Skin1,
Sork & Bekk,3,Fire,,https://static.wikia.nocookie.net/alchemystars/images/9/90/Sork_%26_Bekk.png/revision/latest?cb=20211210054047,,https://static.wikia.nocookie.net/alchemystars/images/7/72/Sork_%26_Bekk_Logo.png/revision/latest/scale-to-width-down/512?cb=20210823172144,#563f40,Skin1,
Sylva,4,Forest,,https://static.wikia.nocookie.net/alchemystars/images/f/f1/Sylva.png/revision/latest?cb=20211210192607,https://static.wikia.nocookie.net/alchemystars/images/4/4a/Sylva_Ascended.png/revision/latest?cb=20211210192631,https://static.wikia.nocookie.net/alchemystars/images/7/75/Sylva_Logo.png/revision/latest/scale-to-width-down/512?cb=20210823172142,#444538,Skin1,
Taki,5,Fire,Forest,https://static.wikia.nocookie.net/alchemystars/images/8/86/Taki.png/revision/latest?cb=20211211182707,https://static.wikia.nocookie.net/alchemystars/images/8/84/Taki_Ascended.png/revision/latest?cb=20211211182710,https://static.wikia.nocookie.net/alchemystars/images/5/51/Taki_Logo.png/revision/latest/scale-to-width-down/512?cb=20210823172313,#4d473d,Skin1,https://static.wikia.nocookie.net/alchemystars/images/4/40/Taki_Skin1.png/revision/latest?cb=20220421093535
Tessa,4,Thunder,,https://static.wikia.nocookie.net/alchemystars/images/c/c6/Tessa.png/revision/latest?cb=20211210111807,https://static.wikia.nocookie.net/alchemystars/images/6/66/Tessa_Ascended.png/revision/latest?cb=20211210111811,https://static.wikia.nocookie.net/alchemystars/images/8/8d/Tessa_Logo.png/revision/latest/scale-to-width-down/512?cb=20210823172312,#493554,Skin1,https://static.wikia.nocookie.net/alchemystars/images/d/d6/Tessa_Skin1.png/revision/latest?cb=20211210111907
Tiny One,3,Fire,,https://static.wikia.nocookie.net/alchemystars/images/e/ea/Tiny_One.png/revision/latest?cb=20211210055229,,https://static.wikia.nocookie.net/alchemystars/images/d/d1/Tiny_One_Logo.png/revision/latest/scale-to-width-down/512?cb=20210823172309,#5a484f,Skin1,
Tohru,6,Fire,Fire,https://static.wikia.nocookie.net/alchemystars/images/d/de/Tohru.png/revision/latest?cb=20220113100914,https://static.wikia.nocookie.net/alchemystars/images/d/d4/Tohru_Ascended.png/revision/latest?cb=20220113100950,https://static.wikia.nocookie.net/alchemystars/images/d/d7/Tohru_Logo.png/revision/latest/scale-to-width-down/512?cb=20220116050219,#b8a396,Skin1,
Tourdog,2,Thunder,,https://static.wikia.nocookie.net/alchemystars/images/6/68/Tourdog.png/revision/latest?cb=20220401082929,,https://static.wikia.nocookie.net/alchemystars/images/7/78/Tourdog_Logo.png/revision/latest/scale-to-width-down/512?cb=20220401122718,#524a43,Skin1,
Tweety,4,Water,,https://static.wikia.nocookie.net/alchemystars/images/7/79/Tweety.png/revision/latest?cb=20211210054357,https://static.wikia.nocookie.net/alchemystars/images/0/01/Tweety_Ascended.png/revision/latest?cb=20211211153744,https://static.wikia.nocookie.net/alchemystars/images/2/2c/Tweety_Logo.png/revision/latest/scale-to-width-down/512?cb=20211022014619,#b2c3d7,Skin1,https://static.wikia.nocookie.net/alchemystars/images/4/4f/Tweety_Skin1.png/revision/latest?cb=20220310103147
Unimet,3,Thunder,,https://static.wikia.nocookie.net/alchemystars/images/3/32/Unimet.png/revision/latest?cb=20211210054539,,https://static.wikia.nocookie.net/alchemystars/images/3/3a/Unimet_Logo.png/revision/latest/scale-to-width-down/512?cb=20210823172307,#676462,Skin1,
Uriah,4,Forest,,https://static.wikia.nocookie.net/alchemystars/images/0/0a/Uriah.png/revision/latest?cb=20211210104236,https://static.wikia.nocookie.net/alchemystars/images/c/c4/Uriah_Ascended.png/revision/latest?cb=20211210104225,https://static.wikia.nocookie.net/alchemystars/images/a/af/Uriah_Logo.png/revision/latest/scale-to-width-down/512?cb=20210823172305,#aa9f94,Skin1,https://static.wikia.nocookie.net/alchemystars/images/7/79/Uriah_Skin1.png/revision/latest?cb=20211210104328
Uriel,6,Fire,Fire,https://static.wikia.nocookie.net/alchemystars/images/a/a7/Uriel.png/revision/latest?cb=20211211174254,https://static.wikia.nocookie.net/alchemystars/images/8/8c/Uriel_Ascended.png/revision/latest?cb=20211211174301,https://static.wikia.nocookie.net/alchemystars/images/b/bb/Uriel_Logo.png/revision/latest/scale-to-width-down/512?cb=20210823172303,#a86050,Skin1,https://static.wikia.nocookie.net/alchemystars/images/a/a5/Uriel_Skin1.png/revision/latest?cb=20220217233443
Vice,5,Water,Thunder,https://static.wikia.nocookie.net/alchemystars/images/0/02/Vice.png/revision/latest?cb=20211210044637,https://static.wikia.nocookie.net/alchemystars/images/6/69/Vice_Ascended.png/revision/latest?cb=20211210044737,https://static.wikia.nocookie.net/alchemystars/images/e/ec/Vice_Logo.png/revision/latest/scale-to-width-down/512?cb=20210823172430,#97a3b7,Skin1,https://static.wikia.nocookie.net/alchemystars/images/f/f3/Vice_Skin1.png/revision/latest?cb=20211210044506
Victoria,6,Fire,Water,https://static.wikia.nocookie.net/alchemystars/images/1/1f/Victoria.png/revision/latest?cb=20211211174051,https://static.wikia.nocookie.net/alchemystars/images/4/4a/Victoria_Ascended.png/revision/latest?cb=20211211174021,https://static.wikia.nocookie.net/alchemystars/images/6/68/Victoria_Logo.png/revision/latest/scale-to-width-down/512?cb=20210823172429,#a5292b,Skin1,https://static.wikia.nocookie.net/alchemystars/images/c/c4/Victoria_Skin1.png/revision/latest?cb=20220104031743
Vivian,5,Thunder,Water,https://static.wikia.nocookie.net/alchemystars/images/e/e6/Vivian.png/revision/latest?cb=20211210193638,https://static.wikia.nocookie.net/alchemystars/images/8/89/Vivian_Ascended.png/revision/latest?cb=20211210193702,https://static.wikia.nocookie.net/alchemystars/images/e/e4/Vivian_Logo.png/revision/latest/scale-to-width-down/512?cb=20210823172427,#5e5957,Skin1,https://static.wikia.nocookie.net/alchemystars/images/2/27/Vivian_Skin1.png/revision/latest?cb=20220310103143
Wendy,4,Forest,,https://static.wikia.nocookie.net/alchemystars/images/2/2d/Wendy.png/revision/latest?cb=20211210192919,https://static.wikia.nocookie.net/alchemystars/images/0/03/Wendy_Ascended.png/revision/latest?cb=20211210192918,https://static.wikia.nocookie.net/alchemystars/images/4/41/Wendy_Logo.png/revision/latest/scale-to-width-down/512?cb=20210823172425,#c1a99f,Skin1,
White Dwarf,3,Water,,https://static.wikia.nocookie.net/alchemystars/images/4/4a/White_Dwarf.png/revision/latest?cb=20211210054521,,https://static.wikia.nocookie.net/alchemystars/images/f/f5/White_Dwarf_Logo.png/revision/latest/scale-to-width-down/512?cb=20210823172423,#484341,Skin1,
Wrath,6,Thunder,Fire,https://static.wikia.nocookie.net/alchemystars/images/3/3f/Wrath.png/revision/latest?cb=20211211175137,https://static.wikia.nocookie.net/alchemystars/images/d/df/Wrath_Ascended.png/revision/latest?cb=20211211175144,https://static.wikia.nocookie.net/alchemystars/images/c/c8/Wrath_Logo.png/revision/latest/scale-to-width-down/512?cb=20210823172421,#553c4e,Skin1,https://static.wikia.nocookie.net/alchemystars/images/a/a3/Wrath_Skin1.png/revision/latest?cb=20220310103135
Yao,6,Forest,Fire,https://static.wikia.nocookie.net/alchemystars/images/c/cb/Yao.png/revision/latest?cb=20220331104916,https://static.wikia.nocookie.net/alchemystars/images/3/3a/Yao_Ascended.png/revision/latest?cb=20220331105042,https://static.wikia.nocookie.net/alchemystars/images/f/f6/Yao_Logo.png/revision/latest/scale-to-width-down/512?cb=20220331125341,#614d3d,Skin1,
Zoya,3,Water,,https://static.wikia.nocookie.net/alchemystars/images/3/3d/Zoya.png/revision/latest?cb=20211210053934,,https://static.wikia.nocookie.net/alchemystars/images/d/db/Zoya_Logo.png/revision/latest/scale-to-width-down/512?cb=20210823172419,#b4b7c6,Skin1,
Carleen,6,Water,Water,https://static.wikia.nocookie.net/alchemystars/images/7/74/Carleen.png/revision/latest?cb=20211210060100,https://static.wikia.nocookie.net/alchemystars/images/f/fc/Carleen_Ascended.png/revision/latest?cb=20211210060058,https://static.wikia.nocookie.net/alchemystars/images/2/23/Carleen_Logo.png/revision/latest/scale-to-width-down/512?cb=20210823165239,#5d6a7b,Skin2,https://static.wikia.nocookie.net/alchemystars/images/f/f4/Carleen_Skin2.png/revision/latest?cb=20220310103129
Vice,5,Water,Thunder,https://static.wikia.nocookie.net/alchemystars/images/0/02/Vice.png/revision/latest?cb=20211210044637,https://static.wikia.nocookie.net/alchemystars/images/6/69/Vice_Ascended.png/revision/latest?cb=20211210044737,https://static.wikia.nocookie.net/alchemystars/images/e/ec/Vice_Logo.png/revision/latest/scale-to-width-down/512?cb=20210823172430,#97a3b7,Skin2,https://static.wikia.nocookie.net/alchemystars/images/6/60/Vice_Skin2.png/revision/latest?cb=20211210043149
